,Child growth failure,No Handwash Facility,Suboptimal breastfeeding,Unsafe water source,Zinc Deficiency,Low birth weight,Short Gestration,Unsafe Sanitation,Vitamin A deficiency,Total
Mean,12196.878612716762,4256.040462427745,2906.341040462428,12711.13294797688,81.09248554913295,939.6011560693642,664.3410404624277,8590.630057803468,473.33526011560696,42819.39306358381
Median,68.0,7.0,24.0,51.0,0.0,8.0,5.0,20.0,0.0,185.0
Variance,2990522974.915901,381647916.3047212,168663372.62935612,3082497714.5314574,119609.69086838851,19561562.806241434,8140782.178489091,1380301650.2908883,2517411.390490828,34981317448.920654
Std Dev,54685.67431161383,19535.811124822056,12987.046339693876,55520.245987670634,345.846339966738,4422.845555323115,2853.205596953905,37152.41109660164,1586.6352417902572,187032.9314557216
